user_id,name,contact
1,Katherine Boyer,108.974.5453
2,James Willis,+1-628-723-0541x06219
3,Jennifer West,357-752-0661x2290
4,Danielle Thomas,001-800-828-8763x0577
5,Brooke Johnson,7168259976
6,Melanie Daniels,001-034-541-9420x839
7,Aaron Howell,(420)014-0732x58567
8,Theodore Crawford,+1-683-835-6889x5960
9,Sherri Wells,+1-101-495-9576x7273
10,Tina Perez,001-583-954-5476x7737
11,Ross Wilson,0212658136
12,Thomas Freeman,+1-586-989-5973
13,Amanda Brown,404.572.6668x5718
14,Wendy Rowe,486.952.9964x370
15,Deanna Lewis,(079)593-9037
16,Stacy Coffey,711-422-1012
17,Julie Francis,+1-501-094-9657x266
18,Steven Rowe,(207)212-9629x17439
19,Eugene Rogers,001-997-770-8698x622
20,Maxwell Miles,878-905-8052x17527
21,Michael Gonzalez,001-535-631-3953x97921
22,Pamela Warren,(485)770-5257x486
23,Brent Andersen,970-913-2614
24,Wendy Adams,8931451656
25,Katherine Perry,907.953.1399x97545
26,Jessica Miller,(296)365-1757
27,April Davis,7806951214
28,Aaron Rose,(482)956-8252
29,Traci Mejia,+1-558-559-4613x85634
30,Shannon Harris,+1-015-858-6707
31,Danielle Kelley,7284717105
32,Tyrone Casey,001-973-489-1112x1923
33,Glenn Le,2159136569
34,Donald Simmons,(894)016-9576
35,Devin Malone,305.466.0871
36,Laura Wilson,+1-544-393-5731x23663
37,Kenneth Price,001-059-566-6100x2704
38,John Rogers,(218)142-4872
39,Mario Cook,(117)830-2922
40,Sara Santos,(164)310-0571x56922
41,Connie Bullock,281.588.1682x0548
42,Amanda Green,8948823324
43,Haley Ellison,352-041-2051
44,Jeffrey Mejia,001-497-197-6169x2733
45,Grace Wolf,205-431-2378
46,Amber Hill,410.476.6221x30070
47,Nicholas Banks,(245)131-2151x587
48,Tracy Lopez,+1-568-657-0723x35695
49,Elizabeth Mora,1214890244
50,Gregory Morgan,214-455-0149x907
